,id,type,by,time,title,text,url,score,parent,top_level_parent,descendants,kids,deleted,dead,aviation_prompt
5028615,37516523,story,agluszak,2023-09-15 00:10:07,Unity has seemingly silently removed its GitHub repo that tracks ToS changes,,https://www.gamerbraves.com/unity-silently-deletes-github-repo-that-tracks-terms-of-service-changes-and-updated-its-license/,682.0,,37516523,176.0,"[37517059 37517470 37517027 37518453 37517705 37516807 37518267 37518143
 37517438 37518327 37517090 37518537 37517522 37518219 37517476 37517693
 37517513 37517767 37518290 37517043 37518226 37517703 37517297 37517798
 37517868 37517282]",,,"Is the following hacker news story related to aviation or not related to aviation? The story has to be directly, explicitly related to aviation. Provide a true or false answer, and then a justification for the answer. Here is the title of the story: Unity has seemingly silently removed its GitHub repo that tracks ToS changes"
5028617,37516542,story,bilsbie,2023-09-15 00:12:24,Godot Development Fund,,https://fund.godotengine.org/,297.0,,37516542,3.0,[37518859],,,"Is the following hacker news story related to aviation or not related to aviation? The story has to be directly, explicitly related to aviation. Provide a true or false answer, and then a justification for the answer. Here is the title of the story: Godot Development Fund"
5028618,37516544,story,toomuchtodo,2023-09-15 00:12:37,"Salesforce to Hire 3,300 People After Layoffs Earlier This Year",,https://www.bloomberg.com/news/articles/2023-09-14/salesforce-to-hire-3-300-in-sales-engineering-data-after-earlier-job-cuts,53.0,,37516544,23.0,"[37518414 37517918 37517359 37541794 37516549 37522559 37517387 37518893
 37523504 37583653]",,,"Is the following hacker news story related to aviation or not related to aviation? The story has to be directly, explicitly related to aviation. Provide a true or false answer, and then a justification for the answer. Here is the title of the story: Salesforce to Hire 3,300 People After Layoffs Earlier This Year"
5028630,37516665,story,Curiositry,2023-09-15 00:32:01,Blogscroll – an open-source directory of personal blogs and digital gardens,,https://blogscroll.com/,78.0,,37516665,14.0,"[37518838 37516986 37517364 37516859 37517742 37518704 37516955 37518011
 37517143]",,,"Is the following hacker news story related to aviation or not related to aviation? The story has to be directly, explicitly related to aviation. Provide a true or false answer, and then a justification for the answer. Here is the title of the story: Blogscroll – an open-source directory of personal blogs and digital gardens"
5028637,37516769,story,shakna,2023-09-15 00:47:12,Bluesky Exploits,,https://github.com/qwell/bsky-exploits,98.0,,37516769,69.0,"[37517842 37517893 37519656 37517733 37517623 37518377 37517762 37517725
 37517552 37518104 37518395 37517491 37517963 37518597]",,,"Is the following hacker news story related to aviation or not related to aviation? The story has to be directly, explicitly related to aviation. Provide a true or false answer, and then a justification for the answer. Here is the title of the story: Bluesky Exploits"
5028644,37516835,story,ytNumbers,2023-09-15 00:56:55,Cannabis use disorder and subsequent risk of depression and bipolar disorder,,https://jamanetwork.com/journals/jamapsychiatry/article-abstract/2804862,166.0,,37516835,297.0,"[37516975 37517231 37516999 37518194 37517186 37517049 37520828 37516993
 37516990 37520206 37517023 37517144 37517903 37517157 37516949 37517173
 37517264 37516919 37517086 37516927 37516883 37517095 37517676 37516959
 37516918 37516923 37516937 37517314 37517530 37516930 37517261 37517194
 37517454]",,,"Is the following hacker news story related to aviation or not related to aviation? The story has to be directly, explicitly related to aviation. Provide a true or false answer, and then a justification for the answer. Here is the title of the story: Cannabis use disorder and subsequent risk of depression and bipolar disorder"
5028662,37517118,story,dargscisyhp,2023-09-15 01:34:36,A mathematical formalization of dimensional analysis (2012),,https://terrytao.wordpress.com/2012/12/29/a-mathematical-formalisation-of-dimensional-analysis/,170.0,,37517118,54.0,"[37518015 37519586 37519185 37521998 37521437 37520021 37526455 37521685
 37519094 37529360 37519685 37518423 37520093 37523189 37520323]",,,"Is the following hacker news story related to aviation or not related to aviation? The story has to be directly, explicitly related to aviation. Provide a true or false answer, and then a justification for the answer. Here is the title of the story: A mathematical formalization of dimensional analysis (2012)"
5028668,37517216,story,LeoPanthera,2023-09-15 01:48:13,Plex to block all servers hosted at Hetzner,,https://links.plex.tv/e/evib?_t=3bef3c50f13f4320a9e31b8be79c6ad2&_m=df59a9eb59db44d2a0dbdbd0ebb61ee5&_e=xDXT7pYRisN-4z7uioydETDUiISVYQQUM0Y_a8MKNPZP6DN9yUpJaWCmlnGMyQQb,230.0,,37517216,173.0,"[37519309 37517219 37519041 37518997 37521023 37519143 37518828 37519242
 37517351 37536917 37519916 37531541 37520043 37521265 37523416 37526758
 37519836 37518750 37518774 37519663 37521695 37522464]",,,"Is the following hacker news story related to aviation or not related to aviation? The story has to be directly, explicitly related to aviation. Provide a true or false answer, and then a justification for the answer. Here is the title of the story: Plex to block all servers hosted at Hetzner"
5028670,37517246,story,jseliger,2023-09-15 01:52:51,Why Does America Provide More Space for Storing Cars Than Housing People?,,https://commonedge.org/why-does-america-provide-more-space-for-storing-cars-than-housing-people/,54.0,,37517246,98.0,"[37518998 37519790 37519608 37519752 37517325 37519973 37519573 37524872
 37519245 37519594 37519952 37519580 37531491 37526199]",,,"Is the following hacker news story related to aviation or not related to aviation? The story has to be directly, explicitly related to aviation. Provide a true or false answer, and then a justification for the answer. Here is the title of the story: Why Does America Provide More Space for Storing Cars Than Housing People?"
5028673,37517329,story,dmarto,2023-09-15 02:03:04,Linear code is more readable,,https://blog.separateconcerns.com/2023-09-11-linear-code.html,412.0,,37517329,357.0,"[37518965 37517831 37518330 37519125 37520110 37518635 37518017 37517969
 37518062 37518730 37520986 37518230 37522947 37519062 37517950 37517502
 37522482 37519680 37518152 37520681 37518274 37521903 37519107 37519182
 37518943 37520487 37519823 37518424 37519246 37518248 37518121 37518374
 37519281 37517878 37522174 37523026 37521346 37519260 37518836 37521619
 37527104 37520899 37518721 37520161 37519230 37519226 37519153 37518046
 37520141 37517976 37524647 37522649 37520297 37521348 37522701 37544157
 37518260 37522288 37518611 37520411 37520102 37520106 37519483 37520190
 37519914 37521832 37522246 37521388 37525544 37519112 37521966 37518717
 37521575 37520338 37519243 37518966 37518632 37518949 37517793 37522819
 37521079 37519257 37519378 37518210 37518370 37519506 37522302 37518604
 37519500 37518375 37521505 37518957 37524054 37519853 37519351 37520710
 37520962 37518285 37518243]",,,"Is the following hacker news story related to aviation or not related to aviation? The story has to be directly, explicitly related to aviation. Provide a true or false answer, and then a justification for the answer. Here is the title of the story: Linear code is more readable"
5028676,37517361,story,wheresmyshadow,2023-09-15 02:07:21,How can we have a proper debate when we no longer speak the same language?,,https://richarddawkins.substack.com/p/how-can-we-have-a-proper-debate-when,102.0,,37517361,113.0,"[37518569 37518042 37518085 37518171 37517975 37517811 37522878 37518333
 37518064 37518006 37518234 37518113 37517657 37517883 37518050 37517641
 37518027 37517995]",,,"Is the following hacker news story related to aviation or not related to aviation? The story has to be directly, explicitly related to aviation. Provide a true or false answer, and then a justification for the answer. Here is the title of the story: How can we have a proper debate when we no longer speak the same language?"
5028677,37517368,story,pabs3,2023-09-15 02:08:05,95 bits per second,,https://popey.com/blog/2023/09/95-bits-per-second/,85.0,,37517368,25.0,"[37529743 37532528 37529900 37530005 37529252 37529362 37530440 37529225
 37529755]",,,"Is the following hacker news story related to aviation or not related to aviation? The story has to be directly, explicitly related to aviation. Provide a true or false answer, and then a justification for the answer. Here is the title of the story: 95 bits per second"
5028685,37517473,story,lxm,2023-09-15 02:20:58,TSA officers accused of stealing from passengers,,https://www.nbcmiami.com/news/local/new-surveillance-footage-shows-miami-tsa-officers-accused-of-stealing-from-passengers/3109762/,117.0,,37517473,91.0,"[37517717 37518877 37518504 37517675 37517662 37517688 37518488 37517590
 37518587 37522075]",,,"Is the following hacker news story related to aviation or not related to aviation? The story has to be directly, explicitly related to aviation. Provide a true or false answer, and then a justification for the answer. Here is the title of the story: TSA officers accused of stealing from passengers"
5028689,37517567,story,OliverGilan,2023-09-15 02:33:03,B612 Font Family,,https://b612-font.com/,466.0,,37517567,94.0,"[37519166 37519557 37518589 37519029 37523453 37518916 37519020 37519972
 37519592 37520758 37518607 37519081 37519099 37518978 37522400 37523905
 37520126 37525221 37521200 37518534 37519141 37518912 37527774 37524372
 37522308 37524726 37521307 37520431]",,,"Is the following hacker news story related to aviation or not related to aviation? The story has to be directly, explicitly related to aviation. Provide a true or false answer, and then a justification for the answer. Here is the title of the story: B612 Font Family"
5028699,37517844,story,lxm,2023-09-15 03:10:42,Patience for after-hours work socializing is wearing thin,,https://www.wsj.com/lifestyle/careers/work-happy-hours-office-culture-4c901cfb,37.0,,37517844,73.0,"[37518337 37518306 37518522 37518268 37518314 37518286 37519198 37518521
 37518347 37518197 37518175 37518258 37518556 37518313 37518259 37518494
 37518554 37518127 37518846 37518373 37519241 37518149 37518482]",,,"Is the following hacker news story related to aviation or not related to aviation? The story has to be directly, explicitly related to aviation. Provide a true or false answer, and then a justification for the answer. Here is the title of the story: Patience for after-hours work socializing is wearing thin"
5028700,37517861,story,warrenm,2023-09-15 03:12:59,Find That Obscure Function with This Interactive Map of the Linux Kernel,,https://hackaday.com/2023/09/14/find-that-obscure-function-with-this-interactive-map-of-the-linux-kernel/,56.0,,37517861,1.0,[37526393],,,"Is the following hacker news story related to aviation or not related to aviation? The story has to be directly, explicitly related to aviation. Provide a true or false answer, and then a justification for the answer. Here is the title of the story: Find That Obscure Function with This Interactive Map of the Linux Kernel"
5028711,37518030,story,rolph,2023-09-15 03:38:54,Human trials of artificial wombs could start soon,,https://www.nature.com/articles/d41586-023-02901-1,38.0,,37518030,66.0,"[37519204 37520004 37519760 37526074 37519293 37519847 37519986 37519555
 37519402 37519824]",,,"Is the following hacker news story related to aviation or not related to aviation? The story has to be directly, explicitly related to aviation. Provide a true or false answer, and then a justification for the answer. Here is the title of the story: Human trials of artificial wombs could start soon"
5028730,37518401,story,doener,2023-09-15 04:24:08,Gaussian Splatting: The next big thing in 3D [video],,https://www.youtube.com/watch?v=w43KV79LsFw,36.0,,37518401,5.0,[37526935 37527316 37527570],,,"Is the following hacker news story related to aviation or not related to aviation? The story has to be directly, explicitly related to aviation. Provide a true or false answer, and then a justification for the answer. Here is the title of the story: Gaussian Splatting: The next big thing in 3D [video]"
5028735,37518511,story,gjvc,2023-09-15 04:40:44,AI voices are taking over the internet,,https://www.theverge.com/23864878/ai-voice-clones-podcastle-elevenlabs-personal-voice,32.0,,37518511,2.0,[37540807],,,"Is the following hacker news story related to aviation or not related to aviation? The story has to be directly, explicitly related to aviation. Provide a true or false answer, and then a justification for the answer. Here is the title of the story: AI voices are taking over the internet"
5028750,37518709,story,RobLach,2023-09-15 05:09:53,United Auto Workers launches a historic strike against all Big 3 automakers,,https://www.npr.org/2023/09/15/1199673197/uaw-strike-big-3-automakers,109.0,,37518709,102.0,"[37519335 37519040 37527598 37519332 37522298 37520067 37522028 37519210
 37521578 37519929 37519758 37519618]",,,"Is the following hacker news story related to aviation or not related to aviation? The story has to be directly, explicitly related to aviation. Provide a true or false answer, and then a justification for the answer. Here is the title of the story: United Auto Workers launches a historic strike against all Big 3 automakers"
5028759,37518874,story,TheFreim,2023-09-15 05:35:45,Custom Minecraft Classic client written from scratch in C,,https://github.com/UnknownShadow200/ClassiCube,141.0,,37518874,75.0,"[37528657 37524279 37528401 37526378 37527204 37528092 37528359 37525542
 37524244 37524041 37530183 37528606 37521238 37523107 37524284]",,,"Is the following hacker news story related to aviation or not related to aviation? The story has to be directly, explicitly related to aviation. Provide a true or false answer, and then a justification for the answer. Here is the title of the story: Custom Minecraft Classic client written from scratch in C"
5028760,37518882,story,fortran77,2023-09-15 05:36:32,Exposing a Podcast Scam [video],,https://www.youtube.com/watch?v=N3ftBeP16TA,34.0,,37518882,2.0,[37525658 37525636],,,"Is the following hacker news story related to aviation or not related to aviation? The story has to be directly, explicitly related to aviation. Provide a true or false answer, and then a justification for the answer. Here is the title of the story: Exposing a Podcast Scam [video]"
5028762,37518920,story,doener,2023-09-15 05:40:54,Positive Geometries and Amplitudes [pdf],,https://dept.math.lsa.umich.edu/~tfylam/posgeom/intro.pdf,51.0,,37518920,7.0,[37528901 37534787 37528731],,,"Is the following hacker news story related to aviation or not related to aviation? The story has to be directly, explicitly related to aviation. Provide a true or false answer, and then a justification for the answer. Here is the title of the story: Positive Geometries and Amplitudes [pdf]"
5028768,37519053,story,talonx,2023-09-15 06:00:26,Global Google Kubernetes Engine Outage,,https://status.cloud.google.com/incidents/EBxyHQgEPnbM3Syag5yL,98.0,,37519053,54.0,"[37520269 37522017 37520759 37523080 37521521 37520534 37521176 37520481
 37521517]",,,"Is the following hacker news story related to aviation or not related to aviation? The story has to be directly, explicitly related to aviation. Provide a true or false answer, and then a justification for the answer. Here is the title of the story: Global Google Kubernetes Engine Outage"
5028771,37519066,story,randomint64,2023-09-15 06:01:45,"Libsodium: A modern, portable, easy to use crypto library",,https://github.com/jedisct1/libsodium,142.0,,37519066,54.0,"[37520229 37520653 37519589 37519439 37519572 37520012 37519827 37520049
 37519568 37519854 37529472 37529521 37520119 37519668 37520011 37519466
 37519472 37519515 37519452 37519537 37519538 37519476 37519447 37519479
 37519450 37519468 37519495 37519453 37519539 37519540 37519494 37519521
 37519497 37519550 37519454 37519460 37519549 37519542 37519510 37519502
 37519530 37519547 37519420 37519560]",,,"Is the following hacker news story related to aviation or not related to aviation? The story has to be directly, explicitly related to aviation. Provide a true or false answer, and then a justification for the answer. Here is the title of the story: Libsodium: A modern, portable, easy to use crypto library"
5028801,37519368,story,downvotetruth,2023-09-15 06:44:15,VÉgA – Vocabulary of Ancient Egyptian,,https://vega-vocabulaire-egyptien-ancien.fr/en/welcome-page/,92.0,,37519368,23.0,[37528026 37528473 37528396 37530107],,,"Is the following hacker news story related to aviation or not related to aviation? The story has to be directly, explicitly related to aviation. Provide a true or false answer, and then a justification for the answer. Here is the title of the story: VÉgA – Vocabulary of Ancient Egyptian"
5028805,37519418,story,Tomte,2023-09-15 06:51:54,Willingham sends Fables into the public domain,,https://billwillingham.substack.com/p/willingham-sends-fables-into-the,733.0,,37519418,268.0,"[37520613 37521948 37520732 37520961 37522680 37522177 37523619 37522003
 37524606 37521069 37520246 37520245 37521009 37522760 37526252 37526282
 37529133 37520340 37520214 37520277 37532162 37521018 37520273 37524555
 37521495 37523094 37529520 37521912 37530531 37531484 37522108 37524544
 37523800 37536100 37526129 37524710 37525824 37521734 37521014 37533251
 37524426 37526736 37527090 37522160 37529719 37520494 37520305 37520450
 37522223]",,,"Is the following hacker news story related to aviation or not related to aviation? The story has to be directly, explicitly related to aviation. Provide a true or false answer, and then a justification for the answer. Here is the title of the story: Willingham sends Fables into the public domain"
5028825,37519672,story,thunderbong,2023-09-15 07:24:47,SexualActivityRecord,,https://developer.android.com/reference/androidx/health/connect/client/records/SexualActivityRecord,101.0,,37519672,37.0,"[37525254 37520830 37521304 37524467 37521073 37524682 37520581 37519886
 37535212 37531191 37525632]",,,"Is the following hacker news story related to aviation or not related to aviation? The story has to be directly, explicitly related to aviation. Provide a true or false answer, and then a justification for the answer. Here is the title of the story: SexualActivityRecord"
5028837,37519852,story,NavinF,2023-09-15 07:49:22,The Ashrae Ventilation Recommendations Are Too Low,,https://cerereanscratchpad.blogspot.com/2022/08/the-ashrae-ventilation-recommendations.html,52.0,,37519852,53.0,"[37524114 37521796 37521731 37523402 37524068 37521739 37525073 37524677
 37523264 37526530 37526924]",,,"Is the following hacker news story related to aviation or not related to aviation? The story has to be directly, explicitly related to aviation. Provide a true or false answer, and then a justification for the answer. Here is the title of the story: The Ashrae Ventilation Recommendations Are Too Low"
5028842,37519928,story,cedel2k1,2023-09-15 08:00:15,"MaplePad – RP2040 Dreamcast controller, VMU, and Purupuru (rumble pack) emulator",,https://github.com/mackieks/MaplePad,115.0,,37519928,27.0,[37522059 37520458 37523353 37528349 37522734 37523070 37528353 37524699],,,"Is the following hacker news story related to aviation or not related to aviation? The story has to be directly, explicitly related to aviation. Provide a true or false answer, and then a justification for the answer. Here is the title of the story: MaplePad – RP2040 Dreamcast controller, VMU, and Purupuru (rumble pack) emulator"
5028845,37519961,story,isaacfrond,2023-09-15 08:04:49,"Stripe Forbids Sex Work, but Profits from Non-Consensual Porn",,https://www.404media.co/stripe-forbids-sex-work-but-profits-from-non-consensual-porn/,36.0,,37519961,15.0,[37520233 37520219 37520227 37520260],,,"Is the following hacker news story related to aviation or not related to aviation? The story has to be directly, explicitly related to aviation. Provide a true or false answer, and then a justification for the answer. Here is the title of the story: Stripe Forbids Sex Work, but Profits from Non-Consensual Porn"
5028846,37519982,story,asicsp,2023-09-15 08:08:00,Marginalia Search Receives FUTO Grant,,https://www.marginalia.nu/log/88-futo-grant/,138.0,,37519982,8.0,[37522057 37522035 37520188 37549094],,,"Is the following hacker news story related to aviation or not related to aviation? The story has to be directly, explicitly related to aviation. Provide a true or false answer, and then a justification for the answer. Here is the title of the story: Marginalia Search Receives FUTO Grant"
5028849,37520039,story,popey,2023-09-15 08:18:19,FindMyCat – Open-Source Pet Tracker,,https://www.findmycat.io/,615.0,,37520039,368.0,"[37525431 37520403 37520668 37523446 37522612 37521393 37520371 37520503
 37520496 37521396 37520201 37520816 37522704 37525690 37521158 37528388
 37520588 37533577 37530679 37521219 37524658 37534205 37557836 37530147
 37527883 37528615 37524997 37526090 37532257 37526602 37525434 37525563
 37521744 37528024 37528708 37521720 37533426 37541352 37537538 37550717
 37521443 37527907 37521302 37522535 37525246 37521455 37529692 37520555
 37526580 37527240 37520557 37521266 37521319 37528672 37527533 37520813
 37524488 37520705 37525654 37521782 37531474 37520399 37524391 37530371
 37525583 37522886 37520391 37528794 37526605 37520787 37521385 37528917
 37524172 37520532 37520586 37522920]",,,"Is the following hacker news story related to aviation or not related to aviation? The story has to be directly, explicitly related to aviation. Provide a true or false answer, and then a justification for the answer. Here is the title of the story: FindMyCat – Open-Source Pet Tracker"
5028852,37520065,story,sillysaurusx,2023-09-15 08:23:23,On the Impending Crypto Monoculture (2016),,https://www.metzdowd.com/pipermail/cryptography/2016-March/028824.html,112.0,,37520065,71.0,"[37524637 37520935 37527310 37521558 37520923 37521282 37530184 37520872
 37522250 37520703 37521000 37521439 37522634 37525976]",,,"Is the following hacker news story related to aviation or not related to aviation? The story has to be directly, explicitly related to aviation. Provide a true or false answer, and then a justification for the answer. Here is the title of the story: On the Impending Crypto Monoculture (2016)"
5028855,37520079,story,TMM2K,2023-09-15 08:24:59,Unity’s new pricing: A wake-up call on the importance of open source,,https://ramatak.com/2023/09/15/unitys-new-pricing-a-wake-up-call-on-the-importance-of-open-source-in-gaming/,736.0,,37520079,700.0,"[37523916 37524513 37527685 37520663 37520546 37520575 37521414 37528218
 37520589 37521054 37528204 37525115 37521803 37527748 37525285 37527825
 37527589 37527777 37527745 37522642 37521642 37526542 37523350 37520873
 37521386 37526297 37526834 37528273 37521627 37527897 37522507 37528670
 37521025 37521721 37521959 37528322 37526360 37524326 37522627 37521080
 37521831 37523779 37529071 37528236 37521845 37530589 37523713 37522619
 37523863 37528183 37526870 37521932 37527741 37523521 37523329 37520829
 37521182 37522169]",,,"Is the following hacker news story related to aviation or not related to aviation? The story has to be directly, explicitly related to aviation. Provide a true or false answer, and then a justification for the answer. Here is the title of the story: Unity’s new pricing: A wake-up call on the importance of open source"
5028861,37520212,story,peter_d_sherman,2023-09-15 08:47:29,Delphi 11 Community Edition,,https://www.embarcadero.com/products/delphi/starter,59.0,,37520212,88.0,"[37520542 37520349 37520504 37520626 37520357 37520382 37520722 37520957
 37522511 37521297 37520602 37520551 37520415 37521097 37522718]",,,"Is the following hacker news story related to aviation or not related to aviation? The story has to be directly, explicitly related to aviation. Provide a true or false answer, and then a justification for the answer. Here is the title of the story: Delphi 11 Community Edition"
5028876,37520374,story,coderatlarge,2023-09-15 09:15:23,Ask HN: How do you manage your “family data warehouse”?,"By &quot;Family Data Warehouse&quot; I refer to all the info and documents that one tracks over the years, perhaps for one&#x27;s self, but then also potentially for spouses, kids, parents, siblings, relatives, etc.<p>Some common categories:<p>(1) Financial: account statements (pdf, paper, etc), transaction CSV&#x2F;ofx&#x2F;etc, insurance policies, financial institution correspondence (confirmations, T&amp;Cs, etc), tax forms, deeds&#x2F;titles, loans, debts, contemporaneous records, paystubs, employment letters, receipts, etc<p>(2) Health: test results, diagnoses, medications used, doctor info&#x2F;correspondence, vaccinations, hospital interactions, statements, bills, etc<p>(3) Product and services info: products purchased, maintenance info, warranties, replacement parts, recall notices, class action events, professional used (CPAs, lawyers, contractors, plumbers, etc), etc<p>(4) Personal legal and other documents: wills, trusts, health directives, pre-nups, legal settlements, personal contracts, rental agreements, government IDs, immigration&#x2F;naturalization docs, law enforcement interactions, etc<p>(5) Memories and other info of sentimental or other value: pictures, videos, cards, recordings, music, diaries, clippings, personal notes, etc<p>For many of these one might ask the usual questions:<p>A. do I have a reason&#x2F;obligation to retain it?  for example, tax authorities often require certain classes of record keeping.  sometimes commercial entities make false claims in retrospect that you can only rebut with evidence (even major banks!).  some documents can end up only being used by heirs at end-of-life (ex: basis information for assets like a home, which can require proof of improvements over the years, depreciation claimed if the home was ever rented, etc)<p>B. is there a downside to retaining it? clutter, hard&#x2F;costly to move, identity&#x2F;other theft risk, physical decay over time (ex: obsolete storage formats (VHS, mini-DV, blueray)), etc<p>C. will I (or the appropriate person) be able to find it when I need it? physical paper vs electronic mgmt, indexing, filing, passwords, legacy services for transferring access.<p>D. can I actually retain it? backups, water damage, fire, theft, physical safe management, etc  some online services don&#x27;t provide any&#x2F;easy export of data, many have inconsistent retention policies (ex utility companies)<p>Some of the categories above have specialized software and services dedicated to them (ex: photos services, quickbooks, etc) while some are more ad hoc (goog drive, dropbox, local HDD); even specialized services often fall short on key matters (quickbooks doesn&#x27;t track statements afaik); many specialized systems have various platform limitations (no turbotax on linux, say); many vendors try to play various lock-in tricks; some vendors go out of business or discontinue products over the years; some institutions are very paper oriented so one perhaps scans or tries to limit paper delivery; some services place data in the cloud creating security exposure; etc etc",,127.0,,37520374,135.0,"[37521278 37521403 37521492 37521074 37520824 37521824 37528517 37521504
 37520972 37521183 37522585 37527497 37521561 37521985 37521696 37521611
 37521310 37520916 37521769 37521876 37523150 37521541 37525922 37521583
 37521424 37521527 37530951 37530260 37521394 37521108 37521956 37521889
 37524916 37525926 37532808 37521477 37527149 37526021 37521343 37521501
 37521485 37521299]",,,"Is the following hacker news story related to aviation or not related to aviation? The story has to be directly, explicitly related to aviation. Provide a true or false answer, and then a justification for the answer. Here is the title of the story: Ask HN: How do you manage your “family data warehouse”?"
5028880,37520441,story,peter_d_sherman,2023-09-15 09:23:50,BotOrNot (2021),,https://incolumitas.com/pages/BotOrNot/,53.0,,37520441,12.0,[37524438 37521303 37529611 37533728 37529710 37521400],,,"Is the following hacker news story related to aviation or not related to aviation? The story has to be directly, explicitly related to aviation. Provide a true or false answer, and then a justification for the answer. Here is the title of the story: BotOrNot (2021)"
5028892,37520509,story,DaOne256,2023-09-15 09:34:40,C++Builder 11 Community Edition,,https://www.embarcadero.com/products/cbuilder/starter,96.0,,37520509,71.0,"[37522589 37521938 37520717 37521941 37531009 37520516 37526066 37525060
 37522047 37525387 37526891 37522153]",,,"Is the following hacker news story related to aviation or not related to aviation? The story has to be directly, explicitly related to aviation. Provide a true or false answer, and then a justification for the answer. Here is the title of the story: C++Builder 11 Community Edition"
5028896,37520528,story,perihelions,2023-09-15 09:37:04,‘Sea is constantly dumping bodies’: fears Libya flood death toll may hit 20k,,https://www.theguardian.com/world/2023/sep/13/libya-flood-death-toll,127.0,,37520528,151.0,"[37521228 37523117 37522564 37523055 37523099 37521066 37521784 37524629
 37522064 37523021 37522092 37524263 37523229 37522485]",,,"Is the following hacker news story related to aviation or not related to aviation? The story has to be directly, explicitly related to aviation. Provide a true or false answer, and then a justification for the answer. Here is the title of the story: ‘Sea is constantly dumping bodies’: fears Libya flood death toll may hit 20k"
5028898,37520536,story,VisitorAnalyt,2023-09-15 09:38:03,"Norway Fining Meta $98,500 per Day for User Privacy Breach",,https://www.twipla.com/en/blog/norway-fining-meta-98500-per-day-for-user-privacy-breach,111.0,,37520536,91.0,"[37521271 37520537 37521188 37521185 37521221 37521093 37521170 37521027
 37520843 37521635 37520608 37521331 37532013 37532009 37520770 37520700]",,,"Is the following hacker news story related to aviation or not related to aviation? The story has to be directly, explicitly related to aviation. Provide a true or false answer, and then a justification for the answer. Here is the title of the story: Norway Fining Meta $98,500 per Day for User Privacy Breach"
5028933,37520890,story,refset,2023-09-15 10:21:57,A Primer on Logic Programming,,https://www.juxt.pro/blog/logic-primer/,117.0,,37520890,7.0,[37532329 37534920 37533190],,,"Is the following hacker news story related to aviation or not related to aviation? The story has to be directly, explicitly related to aviation. Provide a true or false answer, and then a justification for the answer. Here is the title of the story: A Primer on Logic Programming"
5028962,37521167,story,thatwasunusual,2023-09-15 10:59:15,"Ukraine: Europe clearly overtakes US, with total commitments now twice as large",,https://www.ifw-kiel.de/publications/news/ukraine-support-tracker-europe-clearly-overtakes-us-with-total-commitments-now-twice-as-large/,31.0,,37521167,55.0,[37521566 37521572 37521514 37521597 37521604],,,"Is the following hacker news story related to aviation or not related to aviation? The story has to be directly, explicitly related to aviation. Provide a true or false answer, and then a justification for the answer. Here is the title of the story: Ukraine: Europe clearly overtakes US, with total commitments now twice as large"
5028970,37521240,story,10xJobs_net,2023-09-15 11:08:06,How does Linux start a process,,https://iq.thc.org/how-does-linux-start-a-process,276.0,,37521240,29.0,[37522901 37523077 37523969 37522712],,,"Is the following hacker news story related to aviation or not related to aviation? The story has to be directly, explicitly related to aviation. Provide a true or false answer, and then a justification for the answer. Here is the title of the story: How does Linux start a process"
5028975,37521273,story,popey,2023-09-15 11:12:03,Backup the caravan,,https://popey.com/blog/2023/09/backup-the-caravan/,34.0,,37521273,6.0,[37561656 37559646 37558735],,,"Is the following hacker news story related to aviation or not related to aviation? The story has to be directly, explicitly related to aviation. Provide a true or false answer, and then a justification for the answer. Here is the title of the story: Backup the caravan"
5028981,37521340,story,bookofjoe,2023-09-15 11:21:09,Inflation-adjusted iPhone 15 most affordable base model since 2007 original,,https://www.perfectrec.com/posts/iPhone15-price,40.0,,37521340,75.0,[37522856 37522001 37521471 37523045 37521360 37522065],,,"Is the following hacker news story related to aviation or not related to aviation? The story has to be directly, explicitly related to aviation. Provide a true or false answer, and then a justification for the answer. Here is the title of the story: Inflation-adjusted iPhone 15 most affordable base model since 2007 original"
5028984,37521375,story,topoftheforts,2023-09-15 11:24:31,Show HN: I built a dataset of 25k+ Gumroad products to spot market opportunities,,https://gumtrends.com,93.0,,37521375,64.0,"[37521589 37522687 37522118 37532304 37522030 37523300 37521602 37524093
 37522080 37521543 37522027 37523112 37524906 37522476 37523231 37521988
 37523897 37522107]",,,"Is the following hacker news story related to aviation or not related to aviation? The story has to be directly, explicitly related to aviation. Provide a true or false answer, and then a justification for the answer. Here is the title of the story: Show HN: I built a dataset of 25k+ Gumroad products to spot market opportunities"
5028985,37521383,story,geox,2023-09-15 11:25:31,Glazes induced degradation of tea catechins,,https://www.nature.com/articles/s41598-023-37480-8,32.0,,37521383,23.0,[37552931 37553851 37552906 37552707 37553269],,,"Is the following hacker news story related to aviation or not related to aviation? The story has to be directly, explicitly related to aviation. Provide a true or false answer, and then a justification for the answer. Here is the title of the story: Glazes induced degradation of tea catechins"
5029016,37521710,story,robin_reala,2023-09-15 12:02:27,TikTok fined €345M for breaking EU data law on children’s accounts,,https://www.theguardian.com/technology/2023/sep/15/tiktok-fined-345m-for-breaking-eu-data-law-on-childrens-accounts,379.0,,37521710,314.0,"[37526876 37528260 37522244 37522896 37522029 37523544 37528146 37524471
 37528130 37522233 37527332 37529377 37527577 37522224 37524062 37522103
 37521946 37523841 37522305 37522874 37522128 37524990 37522782 37522234
 37522539]",,,"Is the following hacker news story related to aviation or not related to aviation? The story has to be directly, explicitly related to aviation. Provide a true or false answer, and then a justification for the answer. Here is the title of the story: TikTok fined €345M for breaking EU data law on children’s accounts"
5029021,37521756,story,abhi9u,2023-09-15 12:09:00,How CPython Implements and Uses Bloom Filters for String Processing,,https://codeconfessions.substack.com/p/cpython-bloom-filter-usage,46.0,,37521756,0.0,,,,"Is the following hacker news story related to aviation or not related to aviation? The story has to be directly, explicitly related to aviation. Provide a true or false answer, and then a justification for the answer. Here is the title of the story: How CPython Implements and Uses Bloom Filters for String Processing"
5029025,37521804,story,akyuu,2023-09-15 12:13:59,The Pixel Tablet is just a few spare parts in a half-empty body,,https://arstechnica.com/gadgets/2023/09/the-pixel-tablet-is-actually-just-a-few-spare-parts-in-a-half-empty-body/,57.0,,37521804,79.0,"[37522365 37522221 37522083 37522188 37522398 37522746 37522637 37522624
 37521993 37522513 37523124 37522787 37522407 37522414 37534027 37522698
 37522213 37522578]",,,"Is the following hacker news story related to aviation or not related to aviation? The story has to be directly, explicitly related to aviation. Provide a true or false answer, and then a justification for the answer. Here is the title of the story: The Pixel Tablet is just a few spare parts in a half-empty body"
5029029,37521861,story,gmays,2023-09-15 12:20:31,NASA says more science and less stigma are needed to understand UFOs,,https://apnews.com/article/nasa-ufos-inidentified-flying-objects-8b477a5ed6a42f99bb13a4518368ce9a,38.0,,37521861,118.0,"[37522265 37522751 37522237 37522840 37522676 37522249 37522869 37522737
 37522491 37522385 37530230 37522360 37536274 37522755 37523210]",,,"Is the following hacker news story related to aviation or not related to aviation? The story has to be directly, explicitly related to aviation. Provide a true or false answer, and then a justification for the answer. Here is the title of the story: NASA says more science and less stigma are needed to understand UFOs"
5029038,37521931,story,g1a55er,2023-09-15 12:27:03,"Yes, Android 14 still allows modification of system certificates",,https://www.g1a55er.net/Android-14-Still-Allows-Modification-of-System-Certificates,172.0,,37521931,85.0,[37528347 37528256 37528297 37528465 37528707 37529031],,,"Is the following hacker news story related to aviation or not related to aviation? The story has to be directly, explicitly related to aviation. Provide a true or false answer, and then a justification for the answer. Here is the title of the story: Yes, Android 14 still allows modification of system certificates"
5029048,37522106,story,robin_reala,2023-09-15 12:43:52,Akiyoshi’s Illusion Pages,,https://www.ritsumei.ac.jp/~akitaoka/index-e.html,392.0,,37522106,63.0,"[37529068 37526343 37524303 37523017 37522989 37524204 37528044 37522993
 37529969 37527481 37527197 37526441 37523047 37527930 37527258 37527201
 37528132 37527015 37530396 37525778 37525134 37558260 37523957]",,,"Is the following hacker news story related to aviation or not related to aviation? The story has to be directly, explicitly related to aviation. Provide a true or false answer, and then a justification for the answer. Here is the title of the story: Akiyoshi’s Illusion Pages"
5029050,37522121,story,vasanthv,2023-09-15 12:45:15,Show HN: Oyie – A micro social app to stay in sync with your friends,Oyie is a micro social app to stay in sync with your friends by sharing very short status updates or web links as push notifications.,https://oyie.io,53.0,,37522121,27.0,"[37526263 37533678 37531582 37524788 37525117 37528231 37528497 37532164
 37533552 37531371 37532581 37537200 37544067 37536075 37531795 37531356
 37531737 37552125]",,,"Is the following hacker news story related to aviation or not related to aviation? The story has to be directly, explicitly related to aviation. Provide a true or false answer, and then a justification for the answer. Here is the title of the story: Show HN: Oyie – A micro social app to stay in sync with your friends"
5029069,37522290,story,todsacerdoti,2023-09-15 13:04:05,Truthiness in C,,https://dxuuu.xyz/casts.html,77.0,,37522290,24.0,[37526225 37527618 37529440 37525685 37526854 37526038 37529111],,,"Is the following hacker news story related to aviation or not related to aviation? The story has to be directly, explicitly related to aviation. Provide a true or false answer, and then a justification for the answer. Here is the title of the story: Truthiness in C"
5029072,37522321,story,NKosmatos,2023-09-15 13:06:02,The patterns of Venus’s movement across the sky,,https://www.timeanddate.com/news/astronomy/venus-morning-star-2023,34.0,,37522321,9.0,[37530112 37528892 37531686],,,"Is the following hacker news story related to aviation or not related to aviation? The story has to be directly, explicitly related to aviation. Provide a true or false answer, and then a justification for the answer. Here is the title of the story: The patterns of Venus’s movement across the sky"
5029075,37522358,story,mancuso5,2023-09-15 13:09:02,"Show HN: I created a website with nature sounds for focus, relaxation and sleep",,https://earth.fm/playlists/best-sleep-sounds-for-anxiety/,39.0,,37522358,13.0,"[37522660 37522615 37522526 37522514 37522722 37522626 37522702 37522509
 37522563 37522581 37522503 37522541 37522529 37522555 37522543 37522590
 37522583]",,,"Is the following hacker news story related to aviation or not related to aviation? The story has to be directly, explicitly related to aviation. Provide a true or false answer, and then a justification for the answer. Here is the title of the story: Show HN: I created a website with nature sounds for focus, relaxation and sleep"
5029100,37522700,story,ibobev,2023-09-15 13:34:14,The Evolution of Vi and Vim,,https://pikuma.com/blog/origins-of-vim-text-editor,142.0,,37522700,48.0,"[37525310 37524541 37524530 37527687 37527594 37528701 37527444 37526532
 37526363 37525392 37525875 37525266 37529340 37525907 37528964]",,,"Is the following hacker news story related to aviation or not related to aviation? The story has to be directly, explicitly related to aviation. Provide a true or false answer, and then a justification for the answer. Here is the title of the story: The Evolution of Vi and Vim"
5029108,37522799,story,hammock,2023-09-15 13:41:23,Johnson and Johnson is getting rid of its script logo after more than 130 years,,https://www.cnbc.com/2023/09/14/johnson-johnson-has-a-new-logo-after-more-than-130-years.html,31.0,,37522799,60.0,"[37523886 37526383 37523675 37524032 37524596 37524945 37524751 37524784
 37525126 37534584 37524920]",,,"Is the following hacker news story related to aviation or not related to aviation? The story has to be directly, explicitly related to aviation. Provide a true or false answer, and then a justification for the answer. Here is the title of the story: Johnson and Johnson is getting rid of its script logo after more than 130 years"
5029112,37522858,story,cainxinth,2023-09-15 13:44:47,Carrefour puts ‘shrinkflation’ price warnings on food to shame brands,,https://www.theguardian.com/business/2023/sep/14/carrefour-puts-shrinkflation-price-warnings-on-food-to-shame-brands,507.0,,37522858,512.0,"[37523740 37523470 37523777 37523462 37523691 37523255 37523308 37535829
 37536295 37523674 37537527 37536460 37524015 37523840 37535844 37536285
 37535763 37536358 37523684 37523283 37523163 37537414 37523959 37536546
 37535768 37523652 37524552 37524939 37536580 37523033 37532754 37537376
 37536334 37523191 37542241 37523853 37524280 37528077 37523810 37523805
 37524121 37537886 37536242 37523312 37542270 37524223 37523391 37535754
 37523986 37524031 37523976 37524772 37524625 37525887 37523978 37536423
 37540005 37525324 37524025 37537271 37523817 37524218 37535872 37525885
 37523943 37523720 37535845 37536013 37523980 37523233 37536234 37535817
 37528389 37523223 37523337 37535784 37535852]",,,"Is the following hacker news story related to aviation or not related to aviation? The story has to be directly, explicitly related to aviation. Provide a true or false answer, and then a justification for the answer. Here is the title of the story: Carrefour puts ‘shrinkflation’ price warnings on food to shame brands"
5029115,37522872,story,snerual,2023-09-15 13:45:58,Tell HN: Google randomly deleting Chromebook configs,"The Google Admin Console is randomly un-setting configs for managed Chromebooks.<p>We develop a Chromebook kiosk app for exams used at 50+ universities in Europe.
These universities use Chromebooks as cheap &quot;exam laptops&quot;, sometimes in rooms of 1k+ students.
They use Google Admin to configure all these machines.<p>Since last week, exams are getting cancelled, because just when the students are about to start their exam, IT notices their config is (partially) wiped again.<p>The wiping doesn&#x27;t happen immediately, the config is actually saved correctly. It just gets deleted after a few days.<p>We reached out to Google Dev support to raise this issue.
Google being Google responded that we &quot;should contact the developers of the kiosk app&quot;....that&#x27;s us.<p>Thanks Google<p>(I mostly feel for all these students having studied hard for their exams and showed up in time, just for them to be send home again)",,34.0,,37522872,10.0,[37523851 37523410 37523660 37523704 37523651],,,"Is the following hacker news story related to aviation or not related to aviation? The story has to be directly, explicitly related to aviation. Provide a true or false answer, and then a justification for the answer. Here is the title of the story: Tell HN: Google randomly deleting Chromebook configs"
5029122,37522979,story,frob,2023-09-15 13:53:21,"Salesforce is hiring over 3k people, despite axing 10% of staff",,https://www.businessinsider.com/salesforce-hire-3-000-people-brutal-job-cuts-this-year-2023-9,43.0,,37522979,90.0,"[37523220 37523281 37523067 37523984 37525105 37523120 37561295 37523901
 37523217 37523235 37523222 37523159 37523567 37523135 37523795 37523224]",,,"Is the following hacker news story related to aviation or not related to aviation? The story has to be directly, explicitly related to aviation. Provide a true or false answer, and then a justification for the answer. Here is the title of the story: Salesforce is hiring over 3k people, despite axing 10% of staff"
5029131,37523114,story,rntn,2023-09-15 14:03:18,Bike tire made from NASA’s shape-shifting metal are now available to buy,,https://www.theverge.com/2023/9/14/23873153/nasa-bike-tire-shape-memory-price-smart-specs,58.0,,37523114,71.0,"[37523664 37524176 37523396 37523214 37523306 37524184 37523294 37524702
 37523723 37523471 37524289 37524037 37523642 37523849 37523637]",,,"Is the following hacker news story related to aviation or not related to aviation? The story has to be directly, explicitly related to aviation. Provide a true or false answer, and then a justification for the answer. Here is the title of the story: Bike tire made from NASA’s shape-shifting metal are now available to buy"
5029151,37523314,story,wglb,2023-09-15 14:16:54,New camera offers ultrafast imaging at a fraction of the normal cost,,https://phys.org/news/2023-09-camera-ultrafast-imaging-fraction.html,124.0,,37523314,42.0,[37538228 37537447 37537642 37537817 37537019],,,"Is the following hacker news story related to aviation or not related to aviation? The story has to be directly, explicitly related to aviation. Provide a true or false answer, and then a justification for the answer. Here is the title of the story: New camera offers ultrafast imaging at a fraction of the normal cost"
5029156,37523409,story,CharlesW,2023-09-15 14:22:23,iPhone 15 USB-C port is 100% standard; MFi certification rumors wrong,,https://9to5mac.com/2023/09/15/iphone-15-usb-c-port-compatibility/,86.0,,37523409,121.0,"[37525371 37525783 37524986 37525217 37526576 37527575 37526442 37524902
 37525233 37525252]",,,"Is the following hacker news story related to aviation or not related to aviation? The story has to be directly, explicitly related to aviation. Provide a true or false answer, and then a justification for the answer. Here is the title of the story: iPhone 15 USB-C port is 100% standard; MFi certification rumors wrong"
5029167,37523519,story,Brajeshwar,2023-09-15 14:27:36,A terawatt of solar module capacity expected within 16 months,,https://pv-magazine-usa.com/2023/09/13/a-terawatt-of-solar-module-capacity-expected-within-16-months/,32.0,,37523519,15.0,[37526636 37527033 37528241 37526280 37528630 37526001],,,"Is the following hacker news story related to aviation or not related to aviation? The story has to be directly, explicitly related to aviation. Provide a true or false answer, and then a justification for the answer. Here is the title of the story: A terawatt of solar module capacity expected within 16 months"
5029189,37523728,story,Vagantem,2023-09-15 14:39:39,Workers strike at all 3 Detroit automakers for bigger share of industry profits,,https://apnews.com/article/auto-uaw-workers-strike-gm-ford-stellantis-7ce3ca9d94b911250d07556b7af376c7,57.0,,37523728,43.0,[37527010 37527922 37529450 37528560 37524146],,,"Is the following hacker news story related to aviation or not related to aviation? The story has to be directly, explicitly related to aviation. Provide a true or false answer, and then a justification for the answer. Here is the title of the story: Workers strike at all 3 Detroit automakers for bigger share of industry profits"
5029201,37523796,story,rfreytag,2023-09-15 14:43:23,The Symbol Grounding Problem (1990) [pdf],,https://www.cs.ox.ac.uk/activities/ieg/e-library/sources/harnad90_sgproblem.pdf,40.0,,37523796,5.0,[37526620 37542286 37525145 37532032],,,"Is the following hacker news story related to aviation or not related to aviation? The story has to be directly, explicitly related to aviation. Provide a true or false answer, and then a justification for the answer. Here is the title of the story: The Symbol Grounding Problem (1990) [pdf]"
5029213,37523873,story,belltaco,2023-09-15 14:47:22,We forced our company to allow work from home again,,https://old.reddit.com/r/sysadmin/comments/16j8kw4/we_forced_our_company_to_allow_work_from_home/,98.0,,37523873,110.0,"[37524344 37524271 37524196 37524931 37524993 37524633 37525277 37524268
 37524878 37524358 37524857 37524910 37524317 37525119 37524794 37524262
 37524792 37524663 37524518]",,,"Is the following hacker news story related to aviation or not related to aviation? The story has to be directly, explicitly related to aviation. Provide a true or false answer, and then a justification for the answer. Here is the title of the story: We forced our company to allow work from home again"
5029221,37523992,story,Brajeshwar,2023-09-15 14:53:56,Google to pay $93M in settlement over deceptive location tracking,,https://www.theguardian.com/technology/2023/sep/14/google-location-tracking-data-settlement,237.0,,37523992,71.0,"[37527924 37525972 37526464 37527110 37525974 37525043 37526039 37525915
 37525896 37525987 37527446 37525978 37527008 37525711 37524687 37524914
 37524766 37524665 37524838 37526710 37526681 37525917]",,,"Is the following hacker news story related to aviation or not related to aviation? The story has to be directly, explicitly related to aviation. Provide a true or false answer, and then a justification for the answer. Here is the title of the story: Google to pay $93M in settlement over deceptive location tracking"
5029235,37524158,story,pseudolus,2023-09-15 15:03:32,California passes bill to make it easier to delete data from data brokers,,https://www.latimes.com/politics/story/2023-09-14/california-bill-delete-online-personal-data,201.0,,37524158,145.0,"[37526745 37559815 37559085 37527644 37528614 37557784 37557964 37525077
 37557532 37557746 37559189 37557298 37558193 37558563 37557338 37560817
 37525053 37534012 37557958 37528459 37557772 37557308 37525752 37560286
 37528555 37524911 37560842 37560471 37524505 37560192]",,,"Is the following hacker news story related to aviation or not related to aviation? The story has to be directly, explicitly related to aviation. Provide a true or false answer, and then a justification for the answer. Here is the title of the story: California passes bill to make it easier to delete data from data brokers"
5029237,37524169,story,azeemba,2023-09-15 15:04:22,Introduction to Hilbert Space (2022) [pdf],,https://www.cphysics.org/article/90771.pdf,106.0,,37524169,25.0,[37528469 37524182 37528000 37574291 37526234 37526211 37534303 37529220],,,"Is the following hacker news story related to aviation or not related to aviation? The story has to be directly, explicitly related to aviation. Provide a true or false answer, and then a justification for the answer. Here is the title of the story: Introduction to Hilbert Space (2022) [pdf]"
5029242,37524202,story,samlader,2023-09-15 15:06:42,Shrinkflation Tracker,,https://www.shrinkflation.io/,334.0,,37524202,230.0,"[37529557 37529212 37526428 37528554 37528548 37527163 37526226 37529328
 37526818 37532112 37525229 37530914 37529838 37526594 37527500 37526965
 37527405 37526586 37528867 37530819 37529749 37528661 37529962 37527314
 37530040 37541279 37527978 37527226 37529390 37529438 37528166 37529844
 37528845 37530713 37529202 37530775 37530100 37530463 37529433 37528141
 37526323 37528680 37528524 37529781 37526648 37527192 37528655 37532203
 37530043 37527804 37528898 37526868 37528136 37526108 37527205 37526622]",,,"Is the following hacker news story related to aviation or not related to aviation? The story has to be directly, explicitly related to aviation. Provide a true or false answer, and then a justification for the answer. Here is the title of the story: Shrinkflation Tracker"
5029249,37524285,story,klelatti,2023-09-15 15:11:56,Apocalypse Proof: 33 Thomas Street in New York City,,https://placesjournal.org/article/33-thomas-street-and-conspiracy-thrillers/,136.0,,37524285,72.0,"[37552119 37547872 37547611 37548407 37548591 37547539 37547785 37547491
 37547400 37546782 37548544 37546400 37546471 37549959 37552698 37551550
 37550311 37548087 37548420 37547299 37551579 37546832 37548047]",,,"Is the following hacker news story related to aviation or not related to aviation? The story has to be directly, explicitly related to aviation. Provide a true or false answer, and then a justification for the answer. Here is the title of the story: Apocalypse Proof: 33 Thomas Street in New York City"
5029253,37524331,story,nabla9,2023-09-15 15:15:41,Repeat after me: building any new homes reduces housing costs for all,,https://www.ft.com/content/86836af4-6b52-49e8-a8f0-8aec6181dbc5,129.0,,37524331,199.0,"[37525133 37524585 37525827 37524938 37524482 37525222 37524696 37524970
 37525270 37524755 37525138 37525193 37528958 37525547 37524748 37525627
 37525335 37525430 37524737 37525218 37525326 37524864 37524730]",,,"Is the following hacker news story related to aviation or not related to aviation? The story has to be directly, explicitly related to aviation. Provide a true or false answer, and then a justification for the answer. Here is the title of the story: Repeat after me: building any new homes reduces housing costs for all"
5029277,37524657,story,LinuxBender,2023-09-15 15:36:27,Oregon launches legal psilocybin access,,https://apnews.com/article/psilocybin-oregon-magic-mushrooms-psychedelics-therapy-legal-6e5389b090b0c50d5c90d9574b63eca5,43.0,,37524657,5.0,[37525235 37525171 37526771],,,"Is the following hacker news story related to aviation or not related to aviation? The story has to be directly, explicitly related to aviation. Provide a true or false answer, and then a justification for the answer. Here is the title of the story: Oregon launches legal psilocybin access"
5029279,37524686,story,mfiguiere,2023-09-15 15:37:59,Artificial intelligence can revolutionise science,,https://www.economist.com/leaders/2023/09/14/how-artificial-intelligence-can-revolutionise-science,77.0,,37524686,47.0,"[37524875 37525177 37525276 37525977 37528994 37528470 37525102 37525272
 37527623 37525185 37527946 37525860 37525136 37525143 37525770 37529441
 37525011 37533688 37525140 37526092]",,,"Is the following hacker news story related to aviation or not related to aviation? The story has to be directly, explicitly related to aviation. Provide a true or false answer, and then a justification for the answer. Here is the title of the story: Artificial intelligence can revolutionise science"
5029295,37524890,story,alexmolas,2023-09-15 15:49:09,Optimizing LLMs from a Dataset Perspective,,https://sebastianraschka.com/blog/2023/optimizing-LLMs-dataset-perspective.html,138.0,,37524890,24.0,[37526254 37526416 37525979 37526137],,,"Is the following hacker news story related to aviation or not related to aviation? The story has to be directly, explicitly related to aviation. Provide a true or false answer, and then a justification for the answer. Here is the title of the story: Optimizing LLMs from a Dataset Perspective"
5029307,37525069,story,cjg,2023-09-15 15:59:40,Should I Rust or Should I Go?,,https://kerkour.com/should-i-rust-or-should-i-go,106.0,,37525069,170.0,"[37526967 37526987 37526835 37527082 37527376 37527137 37528052 37527723
 37526823 37526837 37526981 37526832 37527538 37531413 37534863 37532517
 37527270 37527168 37526792 37529110 37527003 37617546 37532088 37527106
 37526896 37526977 37527959 37532673 37527410 37527540 37527635 37527795
 37528647 37547738 37527187 37532000 37527593 37531263 37536422 37526661
 37525091 37525399 37531478]",,,"Is the following hacker news story related to aviation or not related to aviation? The story has to be directly, explicitly related to aviation. Provide a true or false answer, and then a justification for the answer. Here is the title of the story: Should I Rust or Should I Go?"
5029328,37525348,story,kurinikku,2023-09-15 16:15:54,How to store a chess position in 26 bytes using bit-level magic (2022),,https://www.ezzeriesa.com/index/Writing%20efa7772a3ae64a8193c7ef981ac619fc/Compressing%20chess%20positions%20for%20fun%20and%20profit%20df1fdb5364eb42fdac11eb23b25e9605.html,190.0,,37525348,194.0,"[37525779 37525998 37525798 37525811 37525939 37525792 37525757 37525688
 37530778 37526325 37525729 37525667 37527064 37529599 37526105 37528193
 37526644 37526281 37535637 37531424 37526509 37526287 37526440 37525836
 37525753 37525867 37525952 37525647]",,,"Is the following hacker news story related to aviation or not related to aviation? The story has to be directly, explicitly related to aviation. Provide a true or false answer, and then a justification for the answer. Here is the title of the story: How to store a chess position in 26 bytes using bit-level magic (2022)"
5029339,37525484,story,juunge,2023-09-15 16:22:52,Text classifiers are an underrated application of LLMs,,https://blog.kasperjunge.com/text-classifiers-are-an-underrated-use-case-of-llms,94.0,,37525484,34.0,"[37526927 37527348 37526921 37526691 37526893 37526910 37527805 37527326
 37526726 37535005 37526916 37527632 37527569 37527066 37527851 37526948]",,,"Is the following hacker news story related to aviation or not related to aviation? The story has to be directly, explicitly related to aviation. Provide a true or false answer, and then a justification for the answer. Here is the title of the story: Text classifiers are an underrated application of LLMs"
5029350,37525603,story,tpetry,2023-09-15 16:30:00,Show HN: I Wrote a Book About Database Indexes for Developers,,https://sqlfordevs.com/ebooks/indexing,31.0,,37525603,6.0,[37525611 37621473 37525877 37527151 37527047],,,"Is the following hacker news story related to aviation or not related to aviation? The story has to be directly, explicitly related to aviation. Provide a true or false answer, and then a justification for the answer. Here is the title of the story: Show HN: I Wrote a Book About Database Indexes for Developers"
5029356,37525746,story,fortran77,2023-09-15 16:39:21,'Empty shelves with no books': School Library Discards pre-2008 books,,https://www.cbc.ca/news/canada/toronto/peel-school-board-library-book-weeding-1.6964332,40.0,,37525746,18.0,"[37529649 37528685 37528158 37527956 37528382 37536875 37529863 37528939
 37528562 37532092 37529118 37528294 37529457]",,,"Is the following hacker news story related to aviation or not related to aviation? The story has to be directly, explicitly related to aviation. Provide a true or false answer, and then a justification for the answer. Here is the title of the story: 'Empty shelves with no books': School Library Discards pre-2008 books"
5029366,37525921,story,duxup,2023-09-15 16:51:12,"Google says it can’t fix Pixel Watches, please just buy a new one",,https://arstechnica.com/gadgets/2023/09/11-months-after-launch-googles-pixel-watch-still-has-no-path-to-repair/,119.0,,37525921,143.0,"[37526246 37526007 37526422 37526500 37525984 37526354 37526351 37526109
 37526040 37526121 37530381 37528039 37528384 37526646 37528801 37531358
 37526117 37526564 37526332]",,,"Is the following hacker news story related to aviation or not related to aviation? The story has to be directly, explicitly related to aviation. Provide a true or false answer, and then a justification for the answer. Here is the title of the story: Google says it can’t fix Pixel Watches, please just buy a new one"
5029370,37526047,story,qsantos,2023-09-15 16:59:15,My favourite API is a zipfile on the European Central Bank's website,,https://csvbase.com/blog/5,1024.0,,37526047,265.0,"[37528076 37526406 37526328 37526386 37527194 37526669 37532379 37526260
 37526376 37527926 37526277 37532006 37526865 37526326 37527988 37526584
 37530220 37530211 37530853 37527846 37527683 37527726 37526570 37531065
 37526508 37526816 37527340 37536882 37530811 37529012 37534829 37534527
 37533021 37532934 37527549 37530474 37526619 37527257 37530080 37532684
 37526732 37533996 37530972 37532468 37528818 37530399 37526301 37529386
 37529211]",,,"Is the following hacker news story related to aviation or not related to aviation? The story has to be directly, explicitly related to aviation. Provide a true or false answer, and then a justification for the answer. Here is the title of the story: My favourite API is a zipfile on the European Central Bank's website"
5029379,37526099,story,bookofjoe,2023-09-15 17:03:10,EU confirms six (mostly US) tech giants are subject to Digital Markets Act,,https://techcrunch.com/2023/09/06/dma-gatekeepers-named/,55.0,,37526099,11.0,[37526610 37530730 37529747],,,"Is the following hacker news story related to aviation or not related to aviation? The story has to be directly, explicitly related to aviation. Provide a true or false answer, and then a justification for the answer. Here is the title of the story: EU confirms six (mostly US) tech giants are subject to Digital Markets Act"
5029402,37526306,story,rntn,2023-09-15 17:19:19,Warner Bros. CFO Thinks You Deadbeats Have Been on a Free Ride for Way Too Long,,https://gizmodo.com/warner-bros-cfo-thinks-streaming-prices-need-to-go-up-1850839302,52.0,,37526306,80.0,"[37527352 37527283 37526909 37527181 37526945 37527678 37527698 37527215
 37527224 37527455 37527595 37527456 37527012 37527321 37527889 37526957
 37527752 37527069 37527396 37528608 37527244 37528369 37528094 37527547
 37527917 37527717 37531270 37527716 37527858 37527150 37527322]",,,"Is the following hacker news story related to aviation or not related to aviation? The story has to be directly, explicitly related to aviation. Provide a true or false answer, and then a justification for the answer. Here is the title of the story: Warner Bros. CFO Thinks You Deadbeats Have Been on a Free Ride for Way Too Long"
5029408,37526329,story,thelastgallon,2023-09-15 17:21:17,Seattle officer caught on cam laughing after collision that killed grad student,,https://wjla.com/news/nation-world/seattle-officer-caught-on-bodycam-laughing-after-collision-that-killed-grad-student-jaahnavi-kandula-police-brutality-acab-footage-collision-police-accountability-public-safety-south-lake-union-car-crash,52.0,,37526329,22.0,[37528629],,,"Is the following hacker news story related to aviation or not related to aviation? The story has to be directly, explicitly related to aviation. Provide a true or false answer, and then a justification for the answer. Here is the title of the story: Seattle officer caught on cam laughing after collision that killed grad student"
5029415,37526399,story,simonebrunozzi,2023-09-15 17:26:26,Bitcoin and the dangerous fantasy of ‘apolitical’ money (2013),,https://www.yanisvaroufakis.eu/2013/04/22/bitcoin-and-the-dangerous-fantasy-of-apolitical-money/,43.0,,37526399,71.0,"[37527365 37529695 37527135 37527829 37530252 37527873 37527073 37527235
 37527242 37527154 37527308 37530174 37527461 37527067]",,,"Is the following hacker news story related to aviation or not related to aviation? The story has to be directly, explicitly related to aviation. Provide a true or false answer, and then a justification for the answer. Here is the title of the story: Bitcoin and the dangerous fantasy of ‘apolitical’ money (2013)"
5029417,37526444,story,thunderbong,2023-09-15 17:30:12,"Apple A17 Pro SoC single-core benchmark score close to Intel i9-13900K,AMD 7950X",,https://www.techspot.com/news/100160-apple-a17-pro-soc-single-core-benchmark-close.html,38.0,,37526444,32.0,[37527285 37528552 37529177 37527998 37527460 37530156 37527349 37529090],,,"Is the following hacker news story related to aviation or not related to aviation? The story has to be directly, explicitly related to aviation. Provide a true or false answer, and then a justification for the answer. Here is the title of the story: Apple A17 Pro SoC single-core benchmark score close to Intel i9-13900K,AMD 7950X"
5029420,37526477,story,thunderbong,2023-09-15 17:32:25,Kopia: Fast and secure open-source backup software,,https://kopia.io/,326.0,,37526477,132.0,"[37530170 37529687 37527572 37528576 37527724 37530612 37526753 37526708
 37527967 37527261 37528444 37526722 37529403 37532372 37527642 37530008
 37528668 37534186 37550491 37531299 37526984 37529023 37530884 37530275
 37534979 37528869 37527862 37532691 37529484 37527633 37527367 37528237
 37528485 37529038]",,,"Is the following hacker news story related to aviation or not related to aviation? The story has to be directly, explicitly related to aviation. Provide a true or false answer, and then a justification for the answer. Here is the title of the story: Kopia: Fast and secure open-source backup software"
5029424,37526512,story,chrkl,2023-09-15 17:34:52,Plex announced to block instances on German hosting provider Hetzner,,https://forums.plex.tv/t/not-allowed-to-use-hetzner/853570,82.0,,37526512,116.0,"[37526682 37526674 37526730 37526670 37526720 37526701 37532117 37527053
 37527667 37526878 37526735 37527670 37527252 37526668 37526673 37527264
 37527058 37527613 37526877]",,,"Is the following hacker news story related to aviation or not related to aviation? The story has to be directly, explicitly related to aviation. Provide a true or false answer, and then a justification for the answer. Here is the title of the story: Plex announced to block instances on German hosting provider Hetzner"
5029426,37526556,story,gostsamo,2023-09-15 17:38:28,The Gap in the Armor of Baldur’s Gate and 5e,,https://acoup.blog/2023/09/15/collections-the-gap-in-the-armor-of-baldurs-gate-and-5e/,41.0,,37526556,61.0,[37527583 37527847 37527563 37527355],,,"Is the following hacker news story related to aviation or not related to aviation? The story has to be directly, explicitly related to aviation. Provide a true or false answer, and then a justification for the answer. Here is the title of the story: The Gap in the Armor of Baldur’s Gate and 5e"
5029427,37526565,story,oatmeal1,2023-09-15 17:39:13,Apple Tech Support Staff Urged to Stay Mum on iPhone 12 Radiation Issue,,https://www.bloomberg.com/news/articles/2023-09-14/apple-tech-support-staff-urged-to-stay-mum-on-iphone-12-radiation-issue,40.0,,37526565,36.0,[37527904 37528227 37526866 37527526 37530650 37527378 37527775 37527934],,,"Is the following hacker news story related to aviation or not related to aviation? The story has to be directly, explicitly related to aviation. Provide a true or false answer, and then a justification for the answer. Here is the title of the story: Apple Tech Support Staff Urged to Stay Mum on iPhone 12 Radiation Issue"
5029434,37526704,story,freedude,2023-09-15 17:50:13,Cocaine is about surpass oil as Colombia's top export as revenues near $20B,,https://markets.businessinsider.com/news/commodities/columbia-cocaine-top-export-overtakes-oil-revenues-near-20-billion-2023-9,58.0,,37526704,17.0,[37527780 37528887 37527454 37532298 37529676],,,"Is the following hacker news story related to aviation or not related to aviation? The story has to be directly, explicitly related to aviation. Provide a true or false answer, and then a justification for the answer. Here is the title of the story: Cocaine is about surpass oil as Colombia's top export as revenues near $20B"
5029453,37526978,story,jger15,2023-09-15 18:08:05,"State secrecy, not misinformation, is killing American democracy",,https://www.thenewatlantis.com/publications/an-america-of-secrets,31.0,,37526978,1.0,[37530878],,,"Is the following hacker news story related to aviation or not related to aviation? The story has to be directly, explicitly related to aviation. Provide a true or false answer, and then a justification for the answer. Here is the title of the story: State secrecy, not misinformation, is killing American democracy"
5029457,37526994,story,seabass-labrax,2023-09-15 18:09:26,ChessMonitor – Analytics for Lichess and Chess.com,,https://www.chessmonitor.com/,111.0,,37526994,24.0,[37529314 37529427 37532340 37533726 37532932 37532919 37531111 37539067],,,"Is the following hacker news story related to aviation or not related to aviation? The story has to be directly, explicitly related to aviation. Provide a true or false answer, and then a justification for the answer. Here is the title of the story: ChessMonitor – Analytics for Lichess and Chess.com"
5029461,37527060,story,Tuldok,2023-09-15 18:14:28,Is Unity allowed to just change its fee structure like that?,,https://arstechnica.com/gaming/2023/09/wait-is-unity-allowed-to-just-change-its-fee-structure-like-that/,79.0,,37527060,1.0,[37528291 37528315],,,"Is the following hacker news story related to aviation or not related to aviation? The story has to be directly, explicitly related to aviation. Provide a true or false answer, and then a justification for the answer. Here is the title of the story: Is Unity allowed to just change its fee structure like that?"
5029471,37527250,story,Raed667,2023-09-15 18:27:03,Macron wants social networks to detect and stop VPN users,,https://www.linforme.com/tech-telecom/article/interdiction-des-vpn-permis-cyber-controle-d-age-les-amendements-de-la-majorite-pour-reguler-le-numerique_985.html,35.0,,37527250,23.0,[37528408 37528317 37528181 37527274 37529278 37528400 37527778],,,"Is the following hacker news story related to aviation or not related to aviation? The story has to be directly, explicitly related to aviation. Provide a true or false answer, and then a justification for the answer. Here is the title of the story: Macron wants social networks to detect and stop VPN users"
5029473,37527259,story,Terretta,2023-09-15 18:27:57,Ex-Finance developers mock McKinsey's monitoring metrics,,https://www.efinancialcareers.com/news/2023/09/mckinsey-how-to-measure-software-developer-productivity,143.0,,37527259,73.0,"[37529631 37528222 37528234 37528397 37529510 37529313 37531925 37532103
 37529057 37528224 37528567 37529993 37532635 37529302 37530338 37528045]",,,"Is the following hacker news story related to aviation or not related to aviation? The story has to be directly, explicitly related to aviation. Provide a true or false answer, and then a justification for the answer. Here is the title of the story: Ex-Finance developers mock McKinsey's monitoring metrics"
5029504,37527599,story,FLpxpyJ,2023-09-15 18:53:06,Pixel Sea: Search 88x31 badges and 32x32 icons,,https://pixelsea.neocities.org/,106.0,,37527599,25.0,"[37529711 37529200 37529053 37529626 37530785 37528633 37529201 37529458
 37529376 37532460 37530253 37529345 37529597 37529094 37527863]",,,"Is the following hacker news story related to aviation or not related to aviation? The story has to be directly, explicitly related to aviation. Provide a true or false answer, and then a justification for the answer. Here is the title of the story: Pixel Sea: Search 88x31 badges and 32x32 icons"
5029518,37527720,story,robdimarco,2023-09-15 19:01:49,I built Excel for Uber and they ditched it,,https://basta.substack.com/p/no-sacred-masterpieces,753.0,,37527720,535.0,"[37530405 37529096 37528773 37529426 37529255 37529587 37529974 37529460
 37529288 37530752 37532286 37529862 37530585 37528730 37531046 37530499
 37530691 37528718 37529244 37531405 37529444 37529579 37529794 37532193
 37532149 37529413 37531772 37529228 37530563 37530965 37535253 37536169
 37529060 37530787 37530263 37529622 37529250 37532110 37531539 37529165
 37530368 37528813 37533436 37532941 37529765 37529466 37533606 37533545
 37546753 37539486 37530337 37529670 37532511 37529662 37532420 37529247
 37531688 37530815 37529093 37529379 37534092 37529535 37536884 37529368
 37530245 37530525]",,,"Is the following hacker news story related to aviation or not related to aviation? The story has to be directly, explicitly related to aviation. Provide a true or false answer, and then a justification for the answer. Here is the title of the story: I built Excel for Uber and they ditched it"
5029521,37527773,story,Ruddle,2023-09-15 19:06:12,Building an economy simulator from scratch,,https://thomassimon.dev/ps/4,480.0,,37527773,199.0,"[37529481 37529488 37532293 37531419 37533226 37529237 37528740 37528714
 37531783 37530781 37531649 37531471 37532680 37529352 37530660 37528602
 37530028 37534687 37531500 37530320 37528993 37572568 37532148 37537277
 37531086 37543185 37529952 37533469 37534761 37545082 37539191 37531083
 37531121 37531057 37532213 37528920 37535179 37531476 37528619 37535670
 37563389 37531026 37529205 37530508 37528874 37528826 37541110 37529152
 37529705]",,,"Is the following hacker news story related to aviation or not related to aviation? The story has to be directly, explicitly related to aviation. Provide a true or false answer, and then a justification for the answer. Here is the title of the story: Building an economy simulator from scratch"
5029534,37527928,story,Decabytes,2023-09-15 19:18:38,Books for Game Developers,,https://mrelusive.com/books/books.html,203.0,,37527928,59.0,"[37529283 37529109 37528793 37528779 37529538 37528827 37528785 37532209
 37536458 37558385 37532887 37628346 37628340 37533374 37529905 37543776
 37529123 37531008]",,,"Is the following hacker news story related to aviation or not related to aviation? The story has to be directly, explicitly related to aviation. Provide a true or false answer, and then a justification for the answer. Here is the title of the story: Books for Game Developers"
5029543,37528048,story,cdme,2023-09-15 19:28:23,Musk’s X revokes paid blue check from United Auto Workers after strike called,,https://arstechnica.com/tech-policy/2023/09/musks-x-revokes-paid-blue-check-from-united-auto-workers-after-strike-called/,119.0,,37528048,43.0,"[37529045 37528172 37528837 37528987 37528161 37529146 37528639 37528719
 37528207]",,,"Is the following hacker news story related to aviation or not related to aviation? The story has to be directly, explicitly related to aviation. Provide a true or false answer, and then a justification for the answer. Here is the title of the story: Musk’s X revokes paid blue check from United Auto Workers after strike called"
5029550,37528098,story,joeyxiong,2023-09-15 19:32:38,Show HN: IncarnaMind-Chat with your multiple docs using LLMs,,https://github.com/junruxiong/IncarnaMind,57.0,,37528098,28.0,"[37528780 37529074 37528527 37529046 37529307 37529475 37528868 37536784
 37528832]",,,"Is the following hacker news story related to aviation or not related to aviation? The story has to be directly, explicitly related to aviation. Provide a true or false answer, and then a justification for the answer. Here is the title of the story: Show HN: IncarnaMind-Chat with your multiple docs using LLMs"
5029566,37528338,story,Tomte,2023-09-15 19:53:24,We have two separate salt-taste systems,,https://nautil.us/salt-taste-is-surprisingly-mysterious-382855/,52.0,,37528338,57.0,[37532278 37533876 37529442 37529315 37529273 37529184],,,"Is the following hacker news story related to aviation or not related to aviation? The story has to be directly, explicitly related to aviation. Provide a true or false answer, and then a justification for the answer. Here is the title of the story: We have two separate salt-taste systems"
5029570,37528394,story,warrenm,2023-09-15 19:58:03,Zero Effort Private Key Compromise: Abusing SSH-Agent for Lateral Movement,,https://grahamhelton.com/blog/ssh_agent/,61.0,,37528394,26.0,"[37530360 37530055 37530339 37530078 37534482 37530049 37530303 37530077
 37534585 37534557]",,,"Is the following hacker news story related to aviation or not related to aviation? The story has to be directly, explicitly related to aviation. Provide a true or false answer, and then a justification for the answer. Here is the title of the story: Zero Effort Private Key Compromise: Abusing SSH-Agent for Lateral Movement"
5029574,37528432,story,pg_1234,2023-09-15 20:01:46,Tech workers demand high salaries despite hiring slowdown,,https://www2.staffingindustry.com/Editorial/Daily-News/Tech-workers-demand-high-salaries-despite-hiring-slowdown-Lorien-66817,48.0,,37528432,97.0,"[37528965 37528765 37528847 37528980 37528776 37528786 37528803 37528913
 37528888 37528886 37528835 37529061 37584392 37528571 37528808 37528812
 37528906 37528758 37529323 37528770 37528767 37528973 37528741 37528715
 37548596 37538674 37538070 37550401 37528914]",,,"Is the following hacker news story related to aviation or not related to aviation? The story has to be directly, explicitly related to aviation. Provide a true or false answer, and then a justification for the answer. Here is the title of the story: Tech workers demand high salaries despite hiring slowdown"
5029577,37528453,story,mgreg,2023-09-15 20:03:41,The first week of US v. Google – Defaults are everything and nobody likes Bing,,https://www.theverge.com/2023/9/15/23875342/justice-department-google-antitrust-search-trial-week-one-recap,214.0,,37528453,186.0,"[37530375 37531212 37530438 37530435 37531078 37530497 37533196 37530267
 37531738 37531022 37551067 37531215 37529399 37532873 37533650 37532605
 37531918 37531340 37533305 37533007]",,,"Is the following hacker news story related to aviation or not related to aviation? The story has to be directly, explicitly related to aviation. Provide a true or false answer, and then a justification for the answer. Here is the title of the story: The first week of US v. Google – Defaults are everything and nobody likes Bing"
5029581,37528472,story,fidotron,2023-09-15 20:05:05,Everyday uses for PVC water pipe,,https://tomtilley.net/projects/pvc/,205.0,,37528472,160.0,"[37530855 37530355 37530742 37530235 37531128 37533879 37531084 37533915
 37530291 37531189 37535080 37531503 37532353 37533081 37536918 37531281
 37530654 37530305 37530118 37531509 37535183 37531493 37543691 37532328
 37533082 37532247 37534323 37535452 37531240 37533844 37532533 37530262
 37536265 37533446 37531633 37536227 37530259 37530276 37533307 37532413
 37530911]",,,"Is the following hacker news story related to aviation or not related to aviation? The story has to be directly, explicitly related to aviation. Provide a true or false answer, and then a justification for the answer. Here is the title of the story: Everyday uses for PVC water pipe"
5029599,37528652,story,lota-putty,2023-09-15 20:21:18,Birds with more complex vocal skills are better problem-solvers,,https://www.sciencenews.org/article/birds-complex-vocal-skills-problem-solvers,59.0,,37528652,11.0,[37530681 37529555 37531381 37531546 37529652],,,"Is the following hacker news story related to aviation or not related to aviation? The story has to be directly, explicitly related to aviation. Provide a true or false answer, and then a justification for the answer. Here is the title of the story: Birds with more complex vocal skills are better problem-solvers"
5029608,37528816,story,manicennui,2023-09-15 20:39:11,“Inverse vaccine” shows potential to treat MS and other autoimmune diseases,,https://pme.uchicago.edu/news/inverse-vaccine-shows-potential-treat-multiple-sclerosis-and-other-autoimmune-diseases,254.0,,37528816,98.0,"[37528956 37530266 37530516 37529837 37531643 37531599 37529387 37533662
 37533168 37531811 37529897 37533476 37532196 37529604 37542016 37533317
 37532834 37531261]",,,"Is the following hacker news story related to aviation or not related to aviation? The story has to be directly, explicitly related to aviation. Provide a true or false answer, and then a justification for the answer. Here is the title of the story: “Inverse vaccine” shows potential to treat MS and other autoimmune diseases"
5029631,37529197,story,kpw94,2023-09-15 21:13:21,"Airtable Lays Off 27% of Firm, Shifts Focus to Big Clients",,https://www.forbes.com/sites/stevenbertoni/2023/09/14/unicorn-startup-airtable-lays-off-27-of-firm-shifts-focus-to-big-clients/,93.0,,37529197,47.0,"[37532207 37530037 37529615 37532055 37530045 37531351 37531976 37531470
 37530073 37530973 37563193 37530551 37539151 37533269 37533690 37529655]",,,"Is the following hacker news story related to aviation or not related to aviation? The story has to be directly, explicitly related to aviation. Provide a true or false answer, and then a justification for the answer. Here is the title of the story: Airtable Lays Off 27% of Firm, Shifts Focus to Big Clients"
5029641,37529284,story,samclemens,2023-09-15 21:21:44,The Early Days of American English,,https://www.laphamsquarterly.org/roundtable/early-days-american-english,116.0,,37529284,60.0,"[37537768 37538775 37542956 37543750 37537439 37537842 37541475 37537570
 37541159 37539912 37541958 37537811 37539351 37537588 37546311 37537299]",,,"Is the following hacker news story related to aviation or not related to aviation? The story has to be directly, explicitly related to aviation. Provide a true or false answer, and then a justification for the answer. Here is the title of the story: The Early Days of American English"
5029644,37529318,story,walterbell,2023-09-15 21:26:24,"Nearly 1 in 4 Israelis will be ultra-Orthodox by 2050, study says",,https://www.timesofisrael.com/nearly-1-in-4-israelis-will-be-ultra-orthodox-by-2050-study-says/,47.0,,37529318,49.0,[37531687 37531082 37531866 37533913 37531326],,,"Is the following hacker news story related to aviation or not related to aviation? The story has to be directly, explicitly related to aviation. Provide a true or false answer, and then a justification for the answer. Here is the title of the story: Nearly 1 in 4 Israelis will be ultra-Orthodox by 2050, study says"
5029645,37529359,story,haunter,2023-09-15 21:30:09,Johnny Cash Has Been Everywhere (Man),,http://www.johnnycashhasbeeneverywhere.com/,271.0,,37529359,46.0,"[37531531 37531782 37530974 37533055 37531122 37530856 37531573 37533815
 37532160 37532807 37531296 37534519 37538066 37531768 37531773 37539137
 37531028 37534344 37531005 37531725 37531250 37531882 37535474 37534429
 37531099 37530779 37533349 37531751]",,,"Is the following hacker news story related to aviation or not related to aviation? The story has to be directly, explicitly related to aviation. Provide a true or false answer, and then a justification for the answer. Here is the title of the story: Johnny Cash Has Been Everywhere (Man)"
5029647,37529381,story,paularmstrong,2023-09-15 21:32:57,"We use TypeScript not based on preference, but because we want to make money",,https://paularmstrong.dev/blog/2023/09/14/we-use-type-safety-not-on-preference-but-because-we-want-to-make-money/,34.0,,37529381,70.0,"[37529919 37529885 37529884 37529820 37530070 37530186 37529944 37530019
 37529598 37530160 37529920 37529777 37529895 37530927 37529858]",,,"Is the following hacker news story related to aviation or not related to aviation? The story has to be directly, explicitly related to aviation. Provide a true or false answer, and then a justification for the answer. Here is the title of the story: We use TypeScript not based on preference, but because we want to make money"
5029651,37529459,story,beefman,2023-09-15 21:42:23,"MDMA-assisted therapy for PTSD: A randomized, placebo-controlled phase 3 trial",,https://www.nature.com/articles/s41591-023-02565-4,99.0,,37529459,104.0,"[37530817 37530223 37530010 37530087 37530063 37530016 37530050 37530209
 37530150 37530470]",,,"Is the following hacker news story related to aviation or not related to aviation? The story has to be directly, explicitly related to aviation. Provide a true or false answer, and then a justification for the answer. Here is the title of the story: MDMA-assisted therapy for PTSD: A randomized, placebo-controlled phase 3 trial"
5029672,37529666,story,JellyBeanThief,2023-09-15 22:05:55,“Most notorious” illegal shadow library (LibGen) sued by textbook publishers,,https://arstechnica.com/tech-policy/2023/09/most-notorious-illegal-shadow-library-sued-by-textbook-publishers/,166.0,,37529666,113.0,"[37531392 37530237 37531594 37530577 37530099 37531693 37530759 37530327
 37530710 37531578 37530445 37530754 37530074 37530270 37540414 37530693
 37530582 37532652 37530640 37531027 37532407 37563467 37530594 37530459]",,,"Is the following hacker news story related to aviation or not related to aviation? The story has to be directly, explicitly related to aviation. Provide a true or false answer, and then a justification for the answer. Here is the title of the story: “Most notorious” illegal shadow library (LibGen) sued by textbook publishers"
5029674,37529683,story,rndmize,2023-09-15 22:07:22,Where did the Carter White House's solar panels go? (2010),,https://www.scientificamerican.com/article/carter-white-house-solar-panel-array/,79.0,,37529683,127.0,[37530239 37530528 37530341 37531262],,,"Is the following hacker news story related to aviation or not related to aviation? The story has to be directly, explicitly related to aviation. Provide a true or false answer, and then a justification for the answer. Here is the title of the story: Where did the Carter White House's solar panels go? (2010)"
5029693,37529908,story,mfiguiere,2023-09-15 22:34:05,iPhone 15 Pro with X70 modem offers up to 24% faster 5G speeds,,https://speedsmart.net/blog/post/2005/iPhone-15-Pro-up-to-24-Faster-5G-Download-Speeds,31.0,,37529908,41.0,"[37531243 37535255 37531324 37531508 37531179 37531081 37537851 37531108
 37531554]",,,"Is the following hacker news story related to aviation or not related to aviation? The story has to be directly, explicitly related to aviation. Provide a true or false answer, and then a justification for the answer. Here is the title of the story: iPhone 15 Pro with X70 modem offers up to 24% faster 5G speeds"
5029702,37530065,story,ggm,2023-09-15 22:54:40,I rented a Tesla for a month. It was a giant pain in the a*,,https://www.abc.net.au/news/2023-09-16/rented-a-tesla-for-a-month-experience-opinion-730/102833718,37.0,,37530065,75.0,"[37530242 37530166 37530284 37532226 37530193 37530228 37531117 37534771
 37538549 37530507 37530290 37530229 37530168 37530108 37530414]",,,"Is the following hacker news story related to aviation or not related to aviation? The story has to be directly, explicitly related to aviation. Provide a true or false answer, and then a justification for the answer. Here is the title of the story: I rented a Tesla for a month. It was a giant pain in the a*"
5029707,37530158,story,signa11,2023-09-15 23:07:56,Formatting text in C++: Old and new ways,,https://mariusbancila.ro/blog/2023/09/12/formatting-text-in-c-the-old-and-the-new-ways/,117.0,,37530158,65.0,"[37538061 37538397 37538908 37538616 37539180 37541903 37538443 37538132
 37539929 37542482 37538824]",,,"Is the following hacker news story related to aviation or not related to aviation? The story has to be directly, explicitly related to aviation. Provide a true or false answer, and then a justification for the answer. Here is the title of the story: Formatting text in C++: Old and new ways"
5029716,37530218,story,geox,2023-09-15 23:16:00,Record low Antarctic sea ice coverage indicates a new sea ice state,,https://www.nature.com/articles/s43247-023-00961-9,56.0,,37530218,12.0,[37531206 37534052 37531275 37531256],,,"Is the following hacker news story related to aviation or not related to aviation? The story has to be directly, explicitly related to aviation. Provide a true or false answer, and then a justification for the answer. Here is the title of the story: Record low Antarctic sea ice coverage indicates a new sea ice state"
5029719,37530261,story,vyrotek,2023-09-15 23:21:09,Rule for Beneficial Ownership Reporting (2022),,https://www.fincen.gov/news/news-releases/fincen-issues-final-rule-beneficial-ownership-reporting-support-law-enforcement,74.0,,37530261,47.0,"[37530893 37531098 37531571 37531074 37531669 37532307 37531494 37530957
 37531808 37530835 37530801]",,,"Is the following hacker news story related to aviation or not related to aviation? The story has to be directly, explicitly related to aviation. Provide a true or false answer, and then a justification for the answer. Here is the title of the story: Rule for Beneficial Ownership Reporting (2022)"
5029726,37530314,story,luu,2023-09-15 23:28:13,Inflation in Austria,,https://mastodon.gamedev.place/@badlogic/111071396799790275,306.0,,37530314,1.0,[37537081],,,"Is the following hacker news story related to aviation or not related to aviation? The story has to be directly, explicitly related to aviation. Provide a true or false answer, and then a justification for the answer. Here is the title of the story: Inflation in Austria"
